index,Free Cash Flow,Repurchase Of Capital Stock,Repayment Of Debt,Issuance Of Debt,Capital Expenditure,Income Tax Paid Supplemental Data,End Cash Position,Beginning Cash Position,Changes In Cash,Financing Cash Flow,Cash Flow From Continuing Financing Activities,Net Other Financing Charges,Proceeds From Stock Option Exercised,Cash Dividends Paid,Common Stock Dividend Paid,Net Common Stock Issuance,Common Stock Payments,Net Issuance Payments Of Debt,Net Long Term Debt Issuance,Long Term Debt Payments,Long Term Debt Issuance,Investing Cash Flow,Cash Flow From Continuing Investing Activities,Net Investment Purchase And Sale,Sale Of Investment,Purchase Of Investment,Net Business Purchase And Sale,Purchase Of Business,Net PPE Purchase And Sale,Purchase Of PPE,Operating Cash Flow,Cash Flow From Continuing Operating Activities,Change In Working Capital,Change In Other Current Liabilities,Change In Payables And Accrued Expense,Change In Accrued Expense,Change In Payable,Change In Account Payable,Change In Prepaid Assets,Change In Inventory,Change In Receivables,Changes In Account Receivables,Other Non Cash Items,Stock Based Compensation,Deferred Tax,Deferred Income Tax,Depreciation Amortization Depletion,Depreciation And Amortization,Operating Gains Losses,Gain Loss On Investment Securities,Net Income From Continuing Operations,symbol,Effect Of Exchange Rate Changes,Net Intangibles Purchase And Sale,Sale Of Intangibles,Purchase Of Intangibles,Change In Other Working Capital,Change In Other Current Assets,Asset Impairment Charge,Depreciation,Net Foreign Currency Exchange Gain Loss,Gain Loss On Sale Of PPE,Issuance Of Capital Stock,Common Stock Issuance,Net Short Term Debt Issuance,Short Term Debt Issuance,Net Other Investing Changes,Interest Paid Supplemental Data,Short Term Debt Payments,Sale Of PPE,Amortization Cash Flow,Amortization Of Intangibles
2024-04-30,14976000000.0,-7740000000.0,,,-369000000.0,,7587000000.0,7280000000.0,307000000.0,-9345000000.0,-9345000000.0,-1792000000.0,285000000.0,-98000000.0,-98000000.0,-7740000000.0,-7740000000.0,,,,,-5693000000.0,-5693000000.0,-5150000000.0,4153000000.0,-9303000000.0,-174000000.0,-174000000.0,-369000000.0,-369000000.0,15345000000.0,15345000000.0,834000000.0,323000000.0,4180000000.0,4202000000.0,-22000000.0,-22000000.0,-726000000.0,-577000000.0,-2366000000.0,-2366000000.0,-145000000.0,1011000000.0,-1577000000.0,-1577000000.0,410000000.0,410000000.0,-69000000.0,-69000000.0,14881000000.0,NVDA,,,,,,,,,,,,,,,,,,,,
2024-01-31,11245000000.0,-2659000000.0,0.0,,-254000000.0,1873000000.0,7280000000.0,5519000000.0,1761000000.0,-3629000000.0,-3629000000.0,-871000000.0,0.0,-99000000.0,,-2659000000.0,-2659000000.0,0.0,0.0,0.0,,-6109000000.0,-6109000000.0,-5855000000.0,1781000000.0,-7636000000.0,0.0,0.0,-254000000.0,-254000000.0,11499000000.0,11499000000.0,-1719000000.0,306000000.0,1353000000.0,1072000000.0,281000000.0,281000000.0,-1185000000.0,-503000000.0,-1690000000.0,-1690000000.0,-108000000.0,994000000.0,-78000000.0,-78000000.0,387000000.0,387000000.0,-262000000.0,-262000000.0,12285000000.0,NVDA,,,,,,,,,,,,,,,,,,,,
2023-10-31,7054000000.0,-3807000000.0,0.0,,-278000000.0,4348000000.0,5519000000.0,5882000000.0,-363000000.0,-4525000000.0,-4525000000.0,-777000000.0,156000000.0,-97000000.0,,-3807000000.0,-3807000000.0,0.0,0.0,0.0,,-3170000000.0,-3170000000.0,-2892000000.0,2890000000.0,-5782000000.0,0.0,0.0,-278000000.0,-278000000.0,7332000000.0,7332000000.0,-2733000000.0,-28000000.0,-1261000000.0,-1722000000.0,461000000.0,461000000.0,255000000.0,-456000000.0,-1243000000.0,-1243000000.0,-68000000.0,979000000.0,-530000000.0,-530000000.0,372000000.0,372000000.0,69000000.0,69000000.0,9243000000.0,NVDA,,,,,,,,,,,,,,,,,,,,
2023-07-31,6059000000.0,-3067000000.0,,,-289000000.0,,5882000000.0,5079000000.0,803000000.0,-5099000000.0,-5099000000.0,-683000000.0,1000000.0,-100000000.0,,-3067000000.0,-3067000000.0,,,,,-446000000.0,-446000000.0,-378000000.0,2599000000.0,-2977000000.0,221000000.0,221000000.0,-289000000.0,-289000000.0,6348000000.0,6348000000.0,-174000000.0,131000000.0,2764000000.0,1986000000.0,778000000.0,778000000.0,-377000000.0,295000000.0,-2987000000.0,-2987000000.0,-68000000.0,841000000.0,-746000000.0,-746000000.0,365000000.0,365000000.0,-59000000.0,-59000000.0,6189000000.0,NVDA,,,,,,,,,,,,,,,,,,,,
2023-04-30,2663000000.0,0.0,,,-248000000.0,,5079000000.0,3389000000.0,1690000000.0,-380000000.0,-380000000.0,-527000000.0,246000000.0,-99000000.0,-99000000.0,0.0,0.0,,,,,-841000000.0,-841000000.0,-289000000.0,2512000000.0,-2801000000.0,-304000000.0,-304000000.0,-248000000.0,-248000000.0,2911000000.0,2911000000.0,904000000.0,105000000.0,700000000.0,689000000.0,11000000.0,11000000.0,-215000000.0,566000000.0,-252000000.0,-252000000.0,-34000000.0,735000000.0,-1135000000.0,-1135000000.0,384000000.0,384000000.0,14000000.0,14000000.0,2043000000.0,NVDA,,,,,,,,,,,,,,,,,,,,
2023-01-31,,,0.0,0.0,,32000000.0,,,,,,,,,-98000000.0,,,0.0,0.0,0.0,0.0,,,,,,,,,,,,,,,,,,,,,,,,,,,,,,,NVDA,,,,,,,,,,,,,,,,,,,,
2022-10-31,,,0.0,0.0,,264000000.0,,,,,,,,,-100000000.0,,,0.0,0.0,0.0,0.0,,,,,,,,,,,,,,,,,,,,,,,,,,,,,,,NVDA,,,,,,,,,,,,,,,,,,,,
2024-03-31,-2535000000.0,,-697000000.0,776000000.0,-2777000000.0,,12464000000.0,17189000000.0,-4646000000.0,196000000.0,196000000.0,-134000000.0,251000000.0,,,,,79000000.0,79000000.0,-697000000.0,776000000.0,-5084000000.0,-5084000000.0,-2307000000.0,4315000000.0,-6622000000.0,,,-2777000000.0,-2777000000.0,242000000.0,242000000.0,-2661000000.0,,1247000000.0,,,,-972000000.0,-2697000000.0,-422000000.0,-422000000.0,-5000000.0,524000000.0,-11000000.0,-11000000.0,1246000000.0,1246000000.0,-63000000.0,,1144000000.0,TSLA,-79000000.0,,,,195000000.0,-12000000.0,68000000.0,1246000000.0,-63000000.0,,,,,,,,,,,
2023-12-31,2063000000.0,,-588000000.0,1405000000.0,-2307000000.0,,17189000000.0,16590000000.0,453000000.0,887000000.0,887000000.0,-82000000.0,152000000.0,,,,,817000000.0,817000000.0,-588000000.0,1405000000.0,-4804000000.0,-4804000000.0,-2497000000.0,3394000000.0,-5891000000.0,0.0,,-2307000000.0,-2307000000.0,4370000000.0,4370000000.0,798000000.0,,2629000000.0,,,,-2974000000.0,758000000.0,-963000000.0,-963000000.0,-13000000.0,484000000.0,,,1232000000.0,1232000000.0,173000000.0,,7943000000.0,TSLA,146000000.0,0.0,0.0,0.0,853000000.0,2561000000.0,102000000.0,,173000000.0,0.0,,,,,,,,,,
2023-09-30,849000000.0,,-462000000.0,,-2459000000.0,,16590000000.0,15879000000.0,809000000.0,2263000000.0,2263000000.0,-55000000.0,254000000.0,,,,,2064000000.0,2064000000.0,-462000000.0,,-4762000000.0,-4762000000.0,-2315000000.0,3816000000.0,-6131000000.0,12000000.0,,-2459000000.0,-2459000000.0,3308000000.0,3308000000.0,-415000000.0,442000000.0,-958000000.0,,,,327000000.0,163000000.0,881000000.0,881000000.0,35000000.0,465000000.0,,,1235000000.0,1235000000.0,-34000000.0,,1878000000.0,TSLA,-98000000.0,0.0,0.0,0.0,2000000.0,-1272000000.0,144000000.0,,-34000000.0,0.0,,,,,,,,,,
2023-06-30,1005000000.0,,-357000000.0,,-2060000000.0,,15879000000.0,16770000000.0,-797000000.0,-328000000.0,-328000000.0,-34000000.0,63000000.0,,,,,-357000000.0,-357000000.0,-357000000.0,,-3534000000.0,-3534000000.0,-1398000000.0,3677000000.0,-5075000000.0,,,-2060000000.0,-2060000000.0,3065000000.0,3065000000.0,-1156000000.0,1004000000.0,-469000000.0,,,,732000000.0,-576000000.0,-472000000.0,-472000000.0,44000000.0,445000000.0,,,1154000000.0,1154000000.0,-258000000.0,,2614000000.0,TSLA,-94000000.0,0.0,,0.0,571000000.0,-2566000000.0,167000000.0,1154000000.0,-258000000.0,,,,,,,,,,,
2023-03-31,440000000.0,,-408000000.0,0.0,-2073000000.0,,16770000000.0,16924000000.0,-204000000.0,-233000000.0,-233000000.0,-56000000.0,231000000.0,,,,,-408000000.0,-408000000.0,-408000000.0,0.0,-2484000000.0,-2484000000.0,-411000000.0,1604000000.0,-2015000000.0,,,-2073000000.0,-2073000000.0,2513000000.0,2513000000.0,-1475000000.0,620000000.0,1403000000.0,,,,-737000000.0,-1540000000.0,-32000000.0,-32000000.0,15000000.0,418000000.0,-55000000.0,-55000000.0,1046000000.0,1046000000.0,-25000000.0,,2539000000.0,TSLA,50000000.0,0.0,,0.0,106000000.0,-675000000.0,50000000.0,1046000000.0,-25000000.0,,,,,,,,,,,
2022-12-31,,,,0.0,,,,,,,,,,,,,,,,,0.0,,,,,,,,,,,,,888000000.0,,,,,,,,,,,,,,,,,,TSLA,,0.0,0.0,0.0,,,,989000000.0,,34000000.0,,,,,,,,,,
2022-09-30,,,,0.0,,,,,,,,,,,,,,,,,0.0,,,,,,0.0,,,,,,,515000000.0,,,,,,,,,,,,,,,,,,TSLA,,,0.0,,,,,956000000.0,,0.0,,,,,,,,,,
2024-03-31,20965000000.0,-4213000000.0,-11589000000.0,6352000000.0,-10952000000.0,,19634000000.0,17305000000.0,2409000000.0,-18808000000.0,-18808000000.0,-498000000.0,,-5572000000.0,-5572000000.0,-3691000000.0,-4213000000.0,-9047000000.0,-5237000000.0,-11589000000.0,6352000000.0,-10700000000.0,-10700000000.0,3108000000.0,5291000000.0,-2183000000.0,-1575000000.0,-1575000000.0,-10952000000.0,-10952000000.0,31917000000.0,31917000000.0,2522000000.0,2851000000.0,648000000.0,,648000000.0,648000000.0,,260000000.0,-2028000000.0,-2028000000.0,,2703000000.0,-1323000000.0,-1323000000.0,6027000000.0,6027000000.0,49000000.0,,21939000000.0,MSFT,-80000000.0,,,,1977000000.0,-1186000000.0,,6027000000.0,,,522000000.0,522000000.0,-3810000000.0,,-1281000000.0,,,,,
2023-12-31,9118000000.0,-4000000000.0,-2916000000.0,10773000000.0,-9735000000.0,,17305000000.0,80452000000.0,-63219000000.0,-10147000000.0,-10147000000.0,-201000000.0,,-5574000000.0,-5574000000.0,-3739000000.0,-4000000000.0,-633000000.0,7857000000.0,-2916000000.0,10773000000.0,-71925000000.0,-71925000000.0,1492000000.0,5750000000.0,-4258000000.0,-65029000000.0,-65029000000.0,-9735000000.0,-9735000000.0,18853000000.0,18853000000.0,-10300000000.0,1492000000.0,-2521000000.0,,-2521000000.0,-2521000000.0,,1474000000.0,-2951000000.0,-2951000000.0,,2828000000.0,-1702000000.0,-1702000000.0,5959000000.0,5959000000.0,198000000.0,,21870000000.0,MSFT,72000000.0,,,,-7092000000.0,-702000000.0,,5959000000.0,,,261000000.0,261000000.0,-8490000000.0,,1347000000.0,,,,,
2023-09-30,20666000000.0,-4831000000.0,-1500000000.0,25765000000.0,-9917000000.0,,80452000000.0,34704000000.0,45847000000.0,14761000000.0,14761000000.0,-307000000.0,,-5051000000.0,-5051000000.0,-4146000000.0,-4831000000.0,24265000000.0,5573000000.0,-1500000000.0,7073000000.0,503000000.0,503000000.0,12588000000.0,21048000000.0,-8460000000.0,-1186000000.0,-1186000000.0,-9917000000.0,-9917000000.0,30583000000.0,30583000000.0,2418000000.0,-3815000000.0,1214000000.0,,1214000000.0,1214000000.0,,-505000000.0,11034000000.0,11034000000.0,,2507000000.0,-568000000.0,-568000000.0,3921000000.0,3921000000.0,14000000.0,,22291000000.0,MSFT,-99000000.0,,,,-2701000000.0,-2809000000.0,,,,,685000000.0,685000000.0,18692000000.0,18692000000.0,-982000000.0,,,,,
2023-06-30,19827000000.0,-5704000000.0,-1000000000.0,,-8943000000.0,,34704000000.0,26562000000.0,8223000000.0,-11413000000.0,-11413000000.0,-167000000.0,,-5054000000.0,-5054000000.0,-5192000000.0,-5704000000.0,-1000000000.0,-1000000000.0,-1000000000.0,,-9134000000.0,-9134000000.0,419000000.0,12395000000.0,-11976000000.0,-341000000.0,-341000000.0,-8943000000.0,-8943000000.0,28770000000.0,28770000000.0,4243000000.0,2864000000.0,1311000000.0,,1311000000.0,1311000000.0,,374000000.0,-11244000000.0,-11244000000.0,,2416000000.0,-1888000000.0,-1888000000.0,3874000000.0,3874000000.0,44000000.0,,20081000000.0,MSFT,-81000000.0,,,,14905000000.0,-3967000000.0,,3874000000.0,,,512000000.0,512000000.0,,,-269000000.0,,,,,
2023-03-31,17834000000.0,-5509000000.0,0.0,0.0,-6607000000.0,,26562000000.0,15646000000.0,10887000000.0,-10290000000.0,-10290000000.0,-258000000.0,,-5059000000.0,-5059000000.0,-4973000000.0,-5509000000.0,0.0,0.0,0.0,0.0,-3264000000.0,-3264000000.0,5330000000.0,14393000000.0,-9063000000.0,-301000000.0,-301000000.0,-6607000000.0,-6607000000.0,24441000000.0,24441000000.0,1843000000.0,1721000000.0,-407000000.0,,-407000000.0,-407000000.0,,106000000.0,-1408000000.0,-1408000000.0,,2465000000.0,-1675000000.0,-1675000000.0,3549000000.0,3549000000.0,-40000000.0,,18299000000.0,MSFT,29000000.0,,,,1233000000.0,598000000.0,,3549000000.0,,,536000000.0,536000000.0,0.0,,-1686000000.0,,,,,
2022-12-31,,,,0.0,,,,,,,,,,,,,,,,,0.0,,,,,,,,,,,,,,,,,,,,,,,,,,,,,,,MSFT,,,,,,,,3648000000.0,,,,,0.0,,,,,,,
2022-09-30,,,,,,,,,,,,,,,,,,,,,,,,,,,,,,,,,,,,,,,,,,,,,,,,,,,,MSFT,,,,,,,,,,,,,,0.0,,,,,,
2024-03-31,4064000000.0,0.0,-1504000000.0,338000000.0,-14925000000.0,458000000.0,73332000000.0,73890000000.0,-129000000.0,-1256000000.0,-1256000000.0,-90000000.0,,,,0.0,0.0,-1166000000.0,-1100000000.0,-1100000000.0,0.0,-17862000000.0,-17862000000.0,-573000000.0,1392000000.0,-1965000000.0,-3354000000.0,-3354000000.0,-13935000000.0,-14925000000.0,18989000000.0,18989000000.0,-9883000000.0,,-14210000000.0,-2928000000.0,-11282000000.0,-11282000000.0,,1776000000.0,3684000000.0,3684000000.0,2734000000.0,4961000000.0,-938000000.0,-938000000.0,11684000000.0,11684000000.0,,,10431000000.0,AMZN,-429000000.0,,,,1568000000.0,-2701000000.0,,,,,,,-66000000.0,338000000.0,,407000000.0,-404000000.0,990000000.0,,
2023-12-31,27877000000.0,0.0,-7407000000.0,734000000.0,-14588000000.0,4197000000.0,73890000000.0,50081000000.0,23118000000.0,-6746000000.0,-6746000000.0,-73000000.0,,,,0.0,0.0,-6673000000.0,-1069000000.0,-1069000000.0,0.0,-12601000000.0,-12601000000.0,1133000000.0,1568000000.0,-435000000.0,-381000000.0,-381000000.0,-13353000000.0,-14588000000.0,42465000000.0,42465000000.0,13505000000.0,,17482000000.0,6594000000.0,10888000000.0,10888000000.0,,2643000000.0,2016000000.0,2016000000.0,-339000000.0,6319000000.0,-1464000000.0,-1464000000.0,13820000000.0,13820000000.0,,,10624000000.0,AMZN,691000000.0,,,,3629000000.0,,,,,,,,-5604000000.0,734000000.0,,907000000.0,-6338000000.0,1235000000.0,,
2023-09-30,8738000000.0,0.0,-9100000000.0,216000000.0,-12479000000.0,2628000000.0,50081000000.0,50067000000.0,516000000.0,-8948000000.0,-8948000000.0,-64000000.0,,,,0.0,0.0,-8884000000.0,-1005000000.0,-1005000000.0,0.0,-11753000000.0,-11753000000.0,1174000000.0,1393000000.0,-219000000.0,-1629000000.0,-1629000000.0,-11298000000.0,-12479000000.0,21217000000.0,21217000000.0,-4436000000.0,,1499000000.0,-1321000000.0,2820000000.0,2820000000.0,,808000000.0,-6718000000.0,-6718000000.0,-990000000.0,5829000000.0,-1196000000.0,-1196000000.0,12131000000.0,12131000000.0,,,9879000000.0,AMZN,-502000000.0,,,,-25000000.0,,,,,,,,-7879000000.0,216000000.0,,591000000.0,-8095000000.0,1181000000.0,,
2023-06-30,5021000000.0,0.0,-10861000000.0,4399000000.0,-11455000000.0,3735000000.0,50067000000.0,49734000000.0,264000000.0,-6539000000.0,-6539000000.0,-77000000.0,,,,0.0,0.0,-6462000000.0,-3220000000.0,-3220000000.0,0.0,-9673000000.0,-9673000000.0,1055000000.0,1551000000.0,-496000000.0,-316000000.0,-316000000.0,-10412000000.0,-11455000000.0,16476000000.0,16476000000.0,-6293000000.0,,1091000000.0,-1938000000.0,3029000000.0,3029000000.0,,-2373000000.0,-5167000000.0,-5167000000.0,47000000.0,7127000000.0,-2744000000.0,-2744000000.0,11589000000.0,11589000000.0,,,6750000000.0,AMZN,69000000.0,,,,156000000.0,,,,,,,,-3242000000.0,4399000000.0,,1072000000.0,-7641000000.0,1043000000.0,,
2023-03-31,-9419000000.0,0.0,-6369000000.0,12780000000.0,-14207000000.0,619000000.0,49734000000.0,54253000000.0,-4664000000.0,6354000000.0,6354000000.0,-57000000.0,,,,0.0,0.0,6411000000.0,-2766000000.0,-2766000000.0,0.0,-15806000000.0,-15806000000.0,777000000.0,1115000000.0,-338000000.0,-3513000000.0,-3513000000.0,-13070000000.0,-14207000000.0,4788000000.0,4788000000.0,-14317000000.0,,-17027000000.0,-5763000000.0,-11264000000.0,-11264000000.0,,371000000.0,4724000000.0,4724000000.0,534000000.0,4748000000.0,-472000000.0,-472000000.0,11123000000.0,11123000000.0,,,3172000000.0,AMZN,145000000.0,,,,818000000.0,-3203000000.0,,,,,,,9177000000.0,12780000000.0,,542000000.0,-3603000000.0,1137000000.0,,
2024-03-31,20694000000.0,-23205000000.0,-3148000000.0,,-1996000000.0,7276000000.0,33921000000.0,41974000000.0,-8053000000.0,-30433000000.0,-30433000000.0,-370000000.0,,-3710000000.0,-3710000000.0,-23205000000.0,-23205000000.0,-3148000000.0,-3150000000.0,-3150000000.0,,-310000000.0,-310000000.0,2131000000.0,17393000000.0,-15262000000.0,,,-1996000000.0,-1996000000.0,22690000000.0,22690000000.0,-5764000000.0,428000000.0,-12168000000.0,,-12168000000.0,-12168000000.0,,190000000.0,8767000000.0,1172000000.0,-982000000.0,2964000000.0,,,2836000000.0,2836000000.0,,,23636000000.0,AAPL,,,,,,-2981000000.0,,,,,,,2000000.0,,-445000000.0,,2000000.0,,,
2023-12-31,37503000000.0,-20139000000.0,-3984000000.0,,-2392000000.0,7255000000.0,41974000000.0,30737000000.0,11237000000.0,-30585000000.0,-30585000000.0,-2637000000.0,,-3825000000.0,-3825000000.0,-20139000000.0,-20139000000.0,-3984000000.0,0.0,0.0,,1927000000.0,1927000000.0,4603000000.0,14383000000.0,-9780000000.0,,,-2392000000.0,-2392000000.0,39895000000.0,39895000000.0,1123000000.0,-3865000000.0,-4542000000.0,,-4542000000.0,-4542000000.0,,-137000000.0,11124000000.0,6555000000.0,-989000000.0,2997000000.0,,,2848000000.0,2848000000.0,,,33916000000.0,AAPL,,,,,,-1457000000.0,,,,,,,-3984000000.0,,-284000000.0,,-3984000000.0,,,
2023-09-30,19435000000.0,-21003000000.0,0.0,0.0,-2163000000.0,11659000000.0,30737000000.0,29898000000.0,839000000.0,-23153000000.0,-23153000000.0,-385000000.0,,-3758000000.0,-3758000000.0,-21003000000.0,-21003000000.0,1993000000.0,0.0,0.0,0.0,2394000000.0,2394000000.0,5141000000.0,13698000000.0,-8557000000.0,,,-2163000000.0,-2163000000.0,21598000000.0,21598000000.0,-6060000000.0,45000000.0,14901000000.0,,14901000000.0,14901000000.0,,952000000.0,-21137000000.0,-9297000000.0,-576000000.0,2625000000.0,,,2653000000.0,2653000000.0,,,22956000000.0,AAPL,,,,,,-821000000.0,,,,,,,1993000000.0,,-584000000.0,1213000000.0,,,,
2023-06-30,24287000000.0,-17478000000.0,460000000.0,,-2093000000.0,2126000000.0,29898000000.0,27129000000.0,2769000000.0,-24048000000.0,-24048000000.0,-2438000000.0,,-3849000000.0,-3849000000.0,-17478000000.0,-17478000000.0,-283000000.0,-2272000000.0,-7500000000.0,,437000000.0,437000000.0,3036000000.0,12795000000.0,-9759000000.0,,,-2093000000.0,-2093000000.0,26380000000.0,26380000000.0,749000000.0,1229000000.0,3974000000.0,,3974000000.0,3974000000.0,,-22000000.0,-3661000000.0,-1987000000.0,81000000.0,2617000000.0,,,3052000000.0,3052000000.0,,,19881000000.0,AAPL,,,,,,-771000000.0,,,,,,,1989000000.0,,-506000000.0,717000000.0,,,,
2023-03-31,25644000000.0,-19594000000.0,-1996000000.0,,-2916000000.0,4066000000.0,27129000000.0,21974000000.0,5155000000.0,-25724000000.0,-25724000000.0,-484000000.0,,-3650000000.0,-3650000000.0,-19594000000.0,-19594000000.0,-1996000000.0,-2250000000.0,-2250000000.0,,2319000000.0,2319000000.0,5341000000.0,11385000000.0,-6044000000.0,,,-2916000000.0,-2916000000.0,28560000000.0,28560000000.0,231000000.0,-2132000000.0,-14689000000.0,,-14689000000.0,-14689000000.0,,-741000000.0,17786000000.0,5321000000.0,-1415000000.0,2686000000.0,,,2898000000.0,2898000000.0,,,24160000000.0,AAPL,,,,,,7000000.0,,,,,,,254000000.0,,-106000000.0,1170000000.0,254000000.0,,,
2022-12-31,,,,,,,,,,,,,,,,,,,,,,,,,,,,,,,,,,,,,,,,,,,,,,,,,,,,AAPL,,,,,131000000.0,,,,,,,,,,,703000000.0,-8214000000.0,,,
2022-09-30,,,,495000000.0,,,,,,,,,,,,,,,,,5465000000.0,,,,,,-137000000.0,-137000000.0,,,,,,,,,,,,,,,,,-1861000000.0,-1861000000.0,,,,,,AAPL,,,,,218000000.0,,,,,,,,,,,955000000.0,,,,
2024-03-31,12846000000.0,-15008000000.0,-315000000.0,,-6400000000.0,630000000.0,33284000000.0,42827000000.0,-9255000000.0,-19767000000.0,-19767000000.0,-3171000000.0,,-1273000000.0,-1273000000.0,-15008000000.0,-15008000000.0,-315000000.0,-315000000.0,-315000000.0,,-8734000000.0,-8734000000.0,-2262000000.0,4625000000.0,-6887000000.0,-72000000.0,-72000000.0,-6400000000.0,-6400000000.0,19246000000.0,19246000000.0,223000000.0,83000000.0,-2386000000.0,-1274000000.0,-1112000000.0,-1112000000.0,100000000.0,,2520000000.0,2520000000.0,-66000000.0,3562000000.0,-456000000.0,-456000000.0,3374000000.0,3374000000.0,,,12369000000.0,META,-288000000.0,,,,,-94000000.0,240000000.0,,,,,,,,,121000000.0,,,,
2023-12-31,11739000000.0,-5942000000.0,-307000000.0,0.0,-7665000000.0,4591000000.0,42827000000.0,37900000000.0,4531000000.0,-8401000000.0,-8401000000.0,-2152000000.0,,,,-5942000000.0,-5942000000.0,-307000000.0,-307000000.0,-307000000.0,0.0,-6472000000.0,-6472000000.0,1187000000.0,2359000000.0,-1172000000.0,-64000000.0,-64000000.0,-7592000000.0,-7665000000.0,19404000000.0,19404000000.0,-1271000000.0,663000000.0,320000000.0,-350000000.0,670000000.0,594000000.0,700000000.0,,-2843000000.0,-2843000000.0,133000000.0,3424000000.0,-1161000000.0,-1161000000.0,3172000000.0,3172000000.0,,,14017000000.0,META,396000000.0,,,,,-111000000.0,1090000000.0,,,,,,,,-3000000.0,146000000.0,,73000000.0,,
2023-09-30,13859000000.0,-3569000000.0,-267000000.0,0.0,-6543000000.0,509000000.0,37900000000.0,29804000000.0,8450000000.0,-5875000000.0,-5875000000.0,-2039000000.0,,,,-3569000000.0,-3569000000.0,-267000000.0,-267000000.0,-267000000.0,0.0,-6077000000.0,-6077000000.0,467000000.0,1474000000.0,-1007000000.0,-38000000.0,-38000000.0,-6496000000.0,-6543000000.0,20402000000.0,20402000000.0,-995000000.0,-72000000.0,699000000.0,78000000.0,621000000.0,612000000.0,-908000000.0,,-678000000.0,-678000000.0,74000000.0,3492000000.0,3049000000.0,3049000000.0,2859000000.0,2859000000.0,,,11583000000.0,META,-354000000.0,,,,,-36000000.0,340000000.0,,,,,,,,-10000000.0,120000000.0,,47000000.0,,
2023-06-30,11074000000.0,-898000000.0,-220000000.0,,-6235000000.0,1102000000.0,29804000000.0,12420000000.0,17398000000.0,5292000000.0,5292000000.0,-2045000000.0,,,,-898000000.0,-898000000.0,8235000000.0,8235000000.0,-220000000.0,,-5203000000.0,-5203000000.0,1099000000.0,1817000000.0,-718000000.0,-83000000.0,-83000000.0,-6134000000.0,-6235000000.0,17309000000.0,17309000000.0,3531000000.0,-151000000.0,5123000000.0,5530000000.0,-407000000.0,-51000000.0,-54000000.0,,-1424000000.0,-1424000000.0,211000000.0,4060000000.0,-1137000000.0,-1137000000.0,2623000000.0,2623000000.0,,,7789000000.0,META,-14000000.0,,,,,37000000.0,232000000.0,,,,,,,,-85000000.0,0.0,,82000000.0,,
2023-03-31,7175000000.0,-9365000000.0,-264000000.0,,-6823000000.0,405000000.0,12420000000.0,15596000000.0,-3261000000.0,-10516000000.0,-10516000000.0,-887000000.0,,0.0,0.0,-9365000000.0,-9365000000.0,-264000000.0,-264000000.0,-264000000.0,,-6743000000.0,-6743000000.0,449000000.0,534000000.0,-85000000.0,-444000000.0,-444000000.0,-6823000000.0,-6823000000.0,13998000000.0,13998000000.0,2571000000.0,184000000.0,-1010000000.0,94000000.0,-1104000000.0,-1104000000.0,821000000.0,,2546000000.0,2546000000.0,-7000000.0,3051000000.0,-620000000.0,-620000000.0,2524000000.0,2524000000.0,,,5709000000.0,META,85000000.0,,,,,30000000.0,770000000.0,,,,,,,,75000000.0,182000000.0,,19000000.0,,
2022-12-31,,,,0.0,,,,,,,,,,,,,,,,,0.0,,,,,,,,,,,,,,,,,,,,,,,,,,,,,,,META,,,,,,,,,,,,,,,2000000.0,,,55000000.0,,
2022-09-30,,,,9921000000.0,,,,,,,,,,,,,,,,,9921000000.0,,,,,,,,,,,,,,,,,,,,,,,,,,,,,,,META,,,,,-7000000.0,,,,,,,,-191000000.0,,,,,,,
2024-03-31,16836000000.0,-15696000000.0,-3079000000.0,1982000000.0,-12012000000.0,,24493000000.0,24048000000.0,570000000.0,-19714000000.0,-19714000000.0,8000000.0,-2929000000.0,,,-15696000000.0,-15696000000.0,-1097000000.0,-1097000000.0,-3079000000.0,1982000000.0,-8564000000.0,-8564000000.0,3408000000.0,25298000000.0,-21890000000.0,-61000000.0,-61000000.0,-12012000000.0,-12012000000.0,28848000000.0,28848000000.0,-2463000000.0,,-7500000000.0,-5376000000.0,-2124000000.0,-2124000000.0,,,3167000000.0,3167000000.0,334000000.0,5264000000.0,419000000.0,419000000.0,3413000000.0,3413000000.0,-1781000000.0,-1781000000.0,23662000000.0,GOOG,-125000000.0,,,,2870000000.0,-1000000000.0,,3413000000.0,,,,,,,101000000.0,,,,,
2023-12-31,7896000000.0,-16191000000.0,-1929000000.0,1492000000.0,-11019000000.0,,24048000000.0,30702000000.0,-6560000000.0,-19308000000.0,-19308000000.0,0.0,-2680000000.0,,,-16191000000.0,-16191000000.0,-437000000.0,-437000000.0,-1929000000.0,1492000000.0,-6167000000.0,-6167000000.0,4947000000.0,34234000000.0,-29287000000.0,-29000000.0,-29000000.0,-11019000000.0,-11019000000.0,18915000000.0,18915000000.0,-10271000000.0,,5541000000.0,5114000000.0,427000000.0,427000000.0,,,-6518000000.0,-6518000000.0,3418000000.0,5659000000.0,-1670000000.0,-1670000000.0,1563000000.0,1563000000.0,-471000000.0,-471000000.0,20687000000.0,GOOG,-94000000.0,,,,-10034000000.0,740000000.0,,1936000000.0,,,,,,,-66000000.0,,,,,
2023-09-30,22601000000.0,-15787000000.0,-1414000000.0,1248000000.0,-8055000000.0,,30702000000.0,25929000000.0,5124000000.0,-18382000000.0,-18382000000.0,3000000.0,-2432000000.0,,,-15787000000.0,-15787000000.0,-166000000.0,-166000000.0,-1414000000.0,1248000000.0,-7150000000.0,-7150000000.0,1659000000.0,16155000000.0,-14496000000.0,-126000000.0,-126000000.0,-8055000000.0,-8055000000.0,30656000000.0,30656000000.0,2117000000.0,,3983000000.0,3760000000.0,223000000.0,223000000.0,,,-2821000000.0,-2821000000.0,262000000.0,5743000000.0,-1824000000.0,-1824000000.0,3800000000.0,3800000000.0,869000000.0,869000000.0,19689000000.0,GOOG,-351000000.0,,,,2579000000.0,-1624000000.0,,3671000000.0,,,,,,,-628000000.0,,,,129000000.0,129000000.0
2023-06-30,21778000000.0,-14969000000.0,-1255000000.0,1123000000.0,-6888000000.0,,25929000000.0,25924000000.0,31000000.0,-17835000000.0,-17835000000.0,2000000.0,-2736000000.0,,,-14969000000.0,-14969000000.0,-132000000.0,-132000000.0,-1255000000.0,1123000000.0,-10800000000.0,-10800000000.0,-3382000000.0,18867000000.0,-22249000000.0,-298000000.0,-298000000.0,-6888000000.0,-6888000000.0,28666000000.0,28666000000.0,2936000000.0,,1762000000.0,643000000.0,1119000000.0,1119000000.0,,,-2948000000.0,-2948000000.0,-454000000.0,5774000000.0,-2415000000.0,-2415000000.0,3948000000.0,3948000000.0,509000000.0,509000000.0,18368000000.0,GOOG,-26000000.0,,,,4635000000.0,-513000000.0,,3704000000.0,,,,,,,-232000000.0,,,,118000000.0,118000000.0
2023-03-31,17220000000.0,-14557000000.0,-6952000000.0,6927000000.0,-6289000000.0,,25924000000.0,21879000000.0,3995000000.0,-16568000000.0,-16568000000.0,3000000.0,-1989000000.0,,,-14557000000.0,-14557000000.0,-25000000.0,-25000000.0,-6952000000.0,6927000000.0,-2946000000.0,-2946000000.0,3510000000.0,18363000000.0,-14853000000.0,-42000000.0,-42000000.0,-6289000000.0,-6289000000.0,23509000000.0,23509000000.0,1373000000.0,,-6203000000.0,-5098000000.0,-1105000000.0,-1105000000.0,,,4454000000.0,4454000000.0,1104000000.0,5284000000.0,-1854000000.0,-1854000000.0,2635000000.0,2635000000.0,-84000000.0,-84000000.0,15051000000.0,GOOG,50000000.0,,,,3868000000.0,-746000000.0,,2635000000.0,,,,,,,-125000000.0,,,,126000000.0,126000000.0
2022-12-31,,,,,,,,,,,,,,,,,,,,,,,,,,,,,,,,,,,,,,,,,,,,,,,,,,,,GOOG,,,,,,,,,,,,,,,,,,,136000000.0,136000000.0
2022-09-30,,,,,,,,,,,,,,,,,,,,,,,,,,,,,,,,,,,,,,,,,,,,,,,,,,,,GOOG,,,,,,,,,,,,,,,,,,,113000000.0,113000000.0
