index,Treasury Shares Number,Ordinary Shares Number,Share Issued,Net Debt,Total Debt,Tangible Book Value,Invested Capital,Working Capital,Net Tangible Assets,Capital Lease Obligations,Common Stock Equity,Total Capitalization,Total Equity Gross Minority Interest,Stockholders Equity,Gains Losses Not Affecting Retained Earnings,Other Equity Adjustments,Retained Earnings,Additional Paid In Capital,Capital Stock,Common Stock,Preferred Stock,Total Liabilities Net Minority Interest,Total Non Current Liabilities Net Minority Interest,Other Non Current Liabilities,Tradeand Other Payables Non Current,Non Current Deferred Liabilities,Non Current Deferred Revenue,Non Current Deferred Taxes Liabilities,Long Term Debt And Capital Lease Obligation,Long Term Capital Lease Obligation,Long Term Debt,Current Liabilities,Other Current Liabilities,Current Deferred Liabilities,Current Deferred Revenue,Current Debt And Capital Lease Obligation,Current Capital Lease Obligation,Current Debt,Other Current Borrowings,Current Provisions,Payables And Accrued Expenses,Current Accrued Expenses,Payables,Total Tax Payable,Accounts Payable,Total Assets,Total Non Current Assets,Other Non Current Assets,Non Current Prepaid Assets,Non Current Deferred Assets,Non Current Deferred Taxes Assets,Investments And Advances,Other Investments,Goodwill And Other Intangible Assets,Other Intangible Assets,Goodwill,Net PPE,Accumulated Depreciation,Gross PPE,Construction In Progress,Other Properties,Machinery Furniture Equipment,Buildings And Improvements,Land And Improvements,Properties,Current Assets,Other Current Assets,Prepaid Assets,Inventory,Finished Goods,Work In Process,Raw Materials,Receivables,Accounts Receivable,Cash Cash Equivalents And Short Term Investments,Other Short Term Investments,Cash And Cash Equivalents,symbol,Minority Interest,Non Current Accrued Expenses,Long Term Provisions,Line Of Credit,Leases,Restricted Cash,Other Inventories,Cash Equivalents,Cash Financial,Commercial Paper,Pensionand Other Post Retirement Benefit Plans Current,Income Tax Payable,Long Term Equity Investment,Hedging Assets Current,Allowance For Doubtful Accounts Receivable,Gross Accounts Receivable,Treasury Stock,Other Receivables,Investmentin Financial Assets,Available For Sale Securities,Other Payable,Dueto Related Parties Current,Taxes Receivable
2024-04-30,,2459834197.0,2459834197.0,2123000000.0,11237000000.0,43703000000.0,58852000000.0,38506000000.0,43703000000.0,1527000000.0,49142000000.0,57602000000.0,49142000000.0,49142000000.0,-109000000.0,-109000000.0,36598000000.0,12651000000.0,2000000.0,2000000.0,0.0,27930000000.0,12707000000.0,66000000.0,1613000000.0,1287000000.0,704000000.0,583000000.0,9741000000.0,1281000000.0,8460000000.0,15223000000.0,2096000000.0,845000000.0,845000000.0,1496000000.0,246000000.0,1250000000.0,1250000000.0,643000000.0,10143000000.0,3547000000.0,6596000000.0,3881000000.0,2715000000.0,77072000000.0,23343000000.0,228000000.0,2590000000.0,7798000000.0,7798000000.0,1750000000.0,1750000000.0,5439000000.0,986000000.0,4453000000.0,5538000000.0,,5538000000.0,,5538000000.0,,,,,53729000000.0,4062000000.0,,5864000000.0,2248000000.0,1625000000.0,1991000000.0,12365000000.0,12365000000.0,31438000000.0,23851000000.0,7587000000.0,NVDA,,,,,,,,,,,,,,,,,,,,,,,
2024-01-31,,2464000000.0,2464000000.0,2429000000.0,11056000000.0,37436000000.0,52687000000.0,33714000000.0,37436000000.0,1347000000.0,42978000000.0,51437000000.0,42978000000.0,42978000000.0,27000000.0,27000000.0,29817000000.0,13132000000.0,2000000.0,2000000.0,0.0,22750000000.0,12119000000.0,65000000.0,1441000000.0,1035000000.0,573000000.0,462000000.0,9578000000.0,1119000000.0,8459000000.0,10631000000.0,1854000000.0,764000000.0,764000000.0,1478000000.0,228000000.0,1250000000.0,1250000000.0,415000000.0,6120000000.0,3125000000.0,2995000000.0,296000000.0,2699000000.0,65728000000.0,21383000000.0,132000000.0,2822000000.0,6081000000.0,6081000000.0,1546000000.0,1546000000.0,5542000000.0,1112000000.0,4430000000.0,5260000000.0,-3509000000.0,8769000000.0,189000000.0,1346000000.0,5200000000.0,1816000000.0,218000000.0,0.0,44345000000.0,3080000000.0,,5282000000.0,2058000000.0,1505000000.0,1719000000.0,9999000000.0,9999000000.0,25984000000.0,18704000000.0,7280000000.0,NVDA,,,,,,,,,,,,,,,,,,,,,,,
2023-10-31,0.0,2466000000.0,2466000000.0,4187000000.0,11027000000.0,27584000000.0,42971000000.0,23557000000.0,27584000000.0,1321000000.0,33265000000.0,41722000000.0,33265000000.0,33265000000.0,-88000000.0,-88000000.0,20360000000.0,12991000000.0,2000000.0,2000000.0,0.0,20883000000.0,11782000000.0,66000000.0,1319000000.0,849000000.0,425000000.0,424000000.0,9548000000.0,1091000000.0,8457000000.0,9101000000.0,1573000000.0,513000000.0,513000000.0,1479000000.0,230000000.0,1249000000.0,1249000000.0,299000000.0,5237000000.0,2437000000.0,2800000000.0,420000000.0,2380000000.0,54148000000.0,21490000000.0,139000000.0,3356000000.0,5982000000.0,5982000000.0,1172000000.0,1172000000.0,5681000000.0,1251000000.0,4430000000.0,5160000000.0,,5160000000.0,,5160000000.0,,,,,32658000000.0,1289000000.0,,4779000000.0,1778000000.0,1338000000.0,1663000000.0,8309000000.0,8309000000.0,18281000000.0,12762000000.0,5519000000.0,NVDA,,,,,,,,,,,,,,,,,,,,,,,
2023-07-31,,2469000000.0,2469000000.0,3922000000.0,10954000000.0,21676000000.0,37206000000.0,18463000000.0,21676000000.0,1249000000.0,27501000000.0,35957000000.0,27501000000.0,27501000000.0,-51000000.0,-51000000.0,14921000000.0,12629000000.0,2000000.0,2000000.0,0.0,22054000000.0,11720000000.0,65000000.0,1477000000.0,681000000.0,308000000.0,373000000.0,9497000000.0,1041000000.0,8456000000.0,10334000000.0,1288000000.0,421000000.0,421000000.0,1457000000.0,208000000.0,1249000000.0,1249000000.0,168000000.0,7000000000.0,2268000000.0,4732000000.0,2803000000.0,1929000000.0,49555000000.0,20758000000.0,148000000.0,3553000000.0,5398000000.0,5398000000.0,800000000.0,800000000.0,5825000000.0,1395000000.0,4430000000.0,5034000000.0,,5034000000.0,,5034000000.0,,,,,28797000000.0,1389000000.0,,4319000000.0,1629000000.0,1058000000.0,1632000000.0,7066000000.0,7066000000.0,16023000000.0,10240000000.0,5783000000.0,NVDA,,,,,,,,,,,,,,,,,,,,,,,
2023-04-30,,2473000000.0,2473000000.0,5875000000.0,12080000000.0,18549000000.0,35474000000.0,17623000000.0,18549000000.0,1126000000.0,24520000000.0,34224000000.0,24520000000.0,24520000000.0,-50000000.0,-50000000.0,12115000000.0,12453000000.0,2000000.0,2000000.0,0.0,19940000000.0,12680000000.0,62000000.0,1455000000.0,520000000.0,230000000.0,290000000.0,10643000000.0,939000000.0,9704000000.0,7260000000.0,951000000.0,367000000.0,367000000.0,1437000000.0,187000000.0,1250000000.0,1250000000.0,112000000.0,4393000000.0,1708000000.0,2685000000.0,1544000000.0,1141000000.0,44460000000.0,19577000000.0,145000000.0,3554000000.0,4568000000.0,4568000000.0,505000000.0,505000000.0,5971000000.0,1541000000.0,4430000000.0,4834000000.0,,4834000000.0,,4834000000.0,,,,,24883000000.0,872000000.0,,4611000000.0,1872000000.0,930000000.0,1809000000.0,4080000000.0,4080000000.0,15320000000.0,10241000000.0,5079000000.0,NVDA,,,,,,,,,,,,,,,,,,,,,,,
2023-01-31,,,,,,,,,,,,,,,,,,,,,,,,,,,,,,,,,,,,,,,,,,,,,,,,,,,,,,,,,,-2694000000.0,,382000000.0,,4303000000.0,1598000000.0,218000000.0,0.0,,,,,,,,,,,,,NVDA,,,,,,,,,,,,,,,,,,,,,,,
2022-10-31,,,,,,,,,,,,,,,,,,,,,,,,,,,,,,,,,,,,,,,,,,,,,,,,,,,,,,,,,,,,,,,,,,,,718000000.0,,,,,,,,,,NVDA,,,,,,,,,,,,,,,,,,,,,,,
2024-03-31,0.0,3188965775.0,3188965775.0,,9911000000.0,63773000000.0,69252000000.0,21082000000.0,63773000000.0,5037000000.0,64378000000.0,67117000000.0,65180000000.0,64378000000.0,-399000000.0,-399000000.0,29011000000.0,35763000000.0,3000000.0,3000000.0,0.0,44046000000.0,14593000000.0,885000000.0,,3214000000.0,3214000000.0,,6746000000.0,4007000000.0,2739000000.0,29453000000.0,566000000.0,3912000000.0,3912000000.0,3165000000.0,1030000000.0,2135000000.0,2135000000.0,195000000.0,21615000000.0,5704000000.0,15911000000.0,1186000000.0,14725000000.0,109226000000.0,58691000000.0,4616000000.0,,6769000000.0,6769000000.0,,,605000000.0,355000000.0,250000000.0,46701000000.0,-12852000000.0,59553000000.0,5934000000.0,15264000000.0,25212000000.0,,9852000000.0,0.0,50535000000.0,3752000000.0,,16033000000.0,6747000000.0,2507000000.0,5584000000.0,3887000000.0,3887000000.0,26863000000.0,15058000000.0,11805000000.0,TSLA,802000000.0,3748000000.0,,,3291000000.0,,1195000000.0,418000000.0,11387000000.0,,,,,,,,,,,,,,
2023-12-31,0.0,3185000000.0,3185000000.0,,9573000000.0,62019000000.0,67291000000.0,20868000000.0,62019000000.0,4916000000.0,62634000000.0,65316000000.0,63609000000.0,62634000000.0,-143000000.0,-143000000.0,27882000000.0,34892000000.0,3000000.0,3000000.0,0.0,43009000000.0,14261000000.0,876000000.0,,3251000000.0,3251000000.0,,6528000000.0,3846000000.0,2682000000.0,28748000000.0,517000000.0,3740000000.0,3740000000.0,3045000000.0,1070000000.0,1975000000.0,1975000000.0,219000000.0,21227000000.0,5592000000.0,15635000000.0,1204000000.0,14431000000.0,106618000000.0,57002000000.0,4531000000.0,,6733000000.0,6733000000.0,,,615000000.0,362000000.0,253000000.0,45123000000.0,-15080000000.0,60203000000.0,5804000000.0,7327000000.0,27540000000.0,,9505000000.0,6859000000.0,49616000000.0,3388000000.0,,13626000000.0,5049000000.0,2016000000.0,5390000000.0,3508000000.0,3508000000.0,29094000000.0,12696000000.0,16398000000.0,TSLA,975000000.0,3606000000.0,,0.0,3168000000.0,,1171000000.0,495000000.0,15903000000.0,,,,,,,,,,,,,,
2023-09-30,0.0,3179000000.0,3179000000.0,,8187000000.0,52841000000.0,57170000000.0,18386000000.0,52841000000.0,4483000000.0,53466000000.0,55618000000.0,54495000000.0,53466000000.0,-692000000.0,-692000000.0,19954000000.0,34201000000.0,3000000.0,3000000.0,0.0,39446000000.0,12806000000.0,794000000.0,,3059000000.0,3059000000.0,,5607000000.0,3455000000.0,2152000000.0,26640000000.0,434000000.0,3100000000.0,3100000000.0,2580000000.0,1028000000.0,1552000000.0,1552000000.0,218000000.0,20308000000.0,5276000000.0,15032000000.0,1095000000.0,13937000000.0,93941000000.0,48916000000.0,5497000000.0,,,,,,625000000.0,375000000.0,250000000.0,42794000000.0,-12520000000.0,55314000000.0,6341000000.0,11795000000.0,25702000000.0,,8584000000.0,0.0,45026000000.0,2708000000.0,,13721000000.0,4550000000.0,2246000000.0,5817000000.0,2520000000.0,2520000000.0,26077000000.0,10145000000.0,15932000000.0,TSLA,1029000000.0,3346000000.0,,0.0,2892000000.0,,1108000000.0,1153000000.0,14779000000.0,,,,,,,,,,,,,,
2023-06-30,,3174000000.0,3174000000.0,,5811000000.0,50481000000.0,52649000000.0,16283000000.0,50481000000.0,4292000000.0,51130000000.0,51634000000.0,52182000000.0,51130000000.0,-410000000.0,-410000000.0,18101000000.0,33436000000.0,3000000.0,3000000.0,0.0,38409000000.0,10817000000.0,802000000.0,,3021000000.0,3021000000.0,,3803000000.0,3299000000.0,504000000.0,27592000000.0,370000000.0,3202000000.0,3202000000.0,2008000000.0,993000000.0,1015000000.0,1015000000.0,244000000.0,21768000000.0,5251000000.0,16517000000.0,1244000000.0,15273000000.0,90591000000.0,46721000000.0,5026000000.0,,,,,,649000000.0,386000000.0,263000000.0,41046000000.0,-11672000000.0,52718000000.0,5560000000.0,11480000000.0,24516000000.0,,8435000000.0,0.0,43875000000.0,2997000000.0,,14356000000.0,5193000000.0,2202000000.0,5968000000.0,3447000000.0,3447000000.0,23075000000.0,7779000000.0,15296000000.0,TSLA,1052000000.0,3191000000.0,,,2727000000.0,,993000000.0,273000000.0,15023000000.0,,,,,,,,,,,,,,
2023-03-31,,3169000000.0,3169000000.0,,5574000000.0,47471000000.0,49806000000.0,15561000000.0,47471000000.0,3822000000.0,48054000000.0,48871000000.0,49235000000.0,48054000000.0,-225000000.0,-225000000.0,15398000000.0,32878000000.0,3000000.0,3000000.0,0.0,37598000000.0,10162000000.0,748000000.0,,2911000000.0,2911000000.0,,3661000000.0,2844000000.0,817000000.0,27436000000.0,347000000.0,2807000000.0,2807000000.0,1913000000.0,978000000.0,935000000.0,935000000.0,267000000.0,22102000000.0,4827000000.0,17275000000.0,1371000000.0,15904000000.0,86833000000.0,43833000000.0,4584000000.0,,,,,,583000000.0,388000000.0,195000000.0,38666000000.0,-10844000000.0,49510000000.0,4894000000.0,10923000000.0,22998000000.0,,8144000000.0,0.0,42997000000.0,2741000000.0,,14375000000.0,4591000000.0,2458000000.0,6405000000.0,2993000000.0,2993000000.0,22402000000.0,6354000000.0,16048000000.0,TSLA,1181000000.0,2842000000.0,,,2551000000.0,486000000.0,921000000.0,933000000.0,15115000000.0,,,,,,,,,,,,,,
2022-12-31,,,,,,,,,,,,,,,,,,,,,,,,,,,,82000000.0,,,,,,,,,,,,,,,,,,,,,,328000000.0,328000000.0,,,,,,,,,,,,,,,,,,,,,,,,,,,TSLA,,,51000000.0,0.0,,,,,,,,,,,,,,,,,,,
2022-09-30,,,,,,,,,,,,,,,,,,,,,,,,,,,,20000000.0,,,,,,,,,,,,,,,,,,,,,,,,,,,,,,,,,,,,,,,,2364000000.0,,,,,,,,,,TSLA,,,57000000.0,0.0,,,,,,,,,,,,,,,,,,,
2024-03-31,,7433000000.0,7433000000.0,45808000000.0,79911000000.0,105161000000.0,318594000000.0,28655000000.0,105161000000.0,14469000000.0,253152000000.0,295810000000.0,253152000000.0,253152000000.0,-5435000000.0,-5435000000.0,159394000000.0,,99193000000.0,99193000000.0,,231123000000.0,112598000000.0,23271000000.0,26786000000.0,5414000000.0,2945000000.0,2469000000.0,57127000000.0,14469000000.0,42658000000.0,118525000000.0,18023000000.0,41888000000.0,41888000000.0,22784000000.0,,22784000000.0,2284000000.0,,25398000000.0,,25398000000.0,7311000000.0,18087000000.0,484275000000.0,337095000000.0,35551000000.0,,,,14807000000.0,,147991000000.0,28828000000.0,119163000000.0,138746000000.0,-74945000000.0,213691000000.0,,213691000000.0,,,,,147180000000.0,21826000000.0,,1304000000.0,951000000.0,12000000.0,341000000.0,44029000000.0,44029000000.0,80013000000.0,60379000000.0,19634000000.0,MSFT,,,,,,,,8053000000.0,11581000000.0,20500000000.0,10432000000.0,7311000000.0,14807000000.0,8000000.0,-616000000.0,44645000000.0,,,,,,,
2023-12-31,,7431612107.0,7431612107.0,56914000000.0,88374000000.0,89441000000.0,312487000000.0,26377000000.0,89441000000.0,14155000000.0,238268000000.0,283196000000.0,238268000000.0,238268000000.0,-4949000000.0,-4949000000.0,145737000000.0,,97480000000.0,97480000000.0,,232290000000.0,111274000000.0,20787000000.0,25890000000.0,5514000000.0,2966000000.0,2548000000.0,59083000000.0,14155000000.0,44928000000.0,121016000000.0,16362000000.0,43068000000.0,43068000000.0,29291000000.0,,29291000000.0,2250000000.0,,23482000000.0,,23482000000.0,5787000000.0,17695000000.0,470558000000.0,323165000000.0,32265000000.0,,,,13367000000.0,,148827000000.0,29896000000.0,118931000000.0,128706000000.0,-72949000000.0,201655000000.0,,201655000000.0,,,,,147393000000.0,21930000000.0,,1615000000.0,1221000000.0,12000000.0,382000000.0,42831000000.0,42831000000.0,80982000000.0,63677000000.0,17305000000.0,MSFT,,,,,,,,7769000000.0,9536000000.0,27041000000.0,8813000000.0,5787000000.0,13367000000.0,35000000.0,-591000000.0,43422000000.0,,,,,,,
2023-09-30,,7431000000.0,7431000000.0,,84989000000.0,144029000000.0,292216000000.0,82794000000.0,144029000000.0,13487000000.0,220714000000.0,262660000000.0,220714000000.0,220714000000.0,-6937000000.0,-6937000000.0,132143000000.0,,95508000000.0,95508000000.0,,225071000000.0,100279000000.0,18634000000.0,22983000000.0,3229000000.0,2759000000.0,470000000.0,55433000000.0,13487000000.0,41946000000.0,124792000000.0,14475000000.0,46429000000.0,46429000000.0,29556000000.0,,29556000000.0,,,27342000000.0,,27342000000.0,8035000000.0,19307000000.0,445785000000.0,238199000000.0,32154000000.0,,,,11423000000.0,,76685000000.0,8895000000.0,67790000000.0,117937000000.0,-69486000000.0,187423000000.0,,187423000000.0,,,,,207586000000.0,23682000000.0,,3000000000.0,2465000000.0,15000000.0,520000000.0,36953000000.0,36953000000.0,143945000000.0,63493000000.0,80452000000.0,MSFT,,,,,,,,73074000000.0,7378000000.0,,6990000000.0,8035000000.0,11423000000.0,6000000.0,-512000000.0,37465000000.0,,,,,,,
2023-06-30,,7432000000.0,7432000000.0,12533000000.0,59965000000.0,128971000000.0,253460000000.0,80108000000.0,128971000000.0,12728000000.0,206223000000.0,248213000000.0,206223000000.0,206223000000.0,-6343000000.0,-6343000000.0,118848000000.0,,93718000000.0,93718000000.0,,205753000000.0,101604000000.0,17981000000.0,25560000000.0,3345000000.0,2912000000.0,433000000.0,54718000000.0,12728000000.0,41990000000.0,104149000000.0,14745000000.0,50901000000.0,50901000000.0,5247000000.0,,5247000000.0,,,22247000000.0,,22247000000.0,4152000000.0,18095000000.0,411976000000.0,227719000000.0,30601000000.0,,,,9879000000.0,,77252000000.0,9366000000.0,67886000000.0,109987000000.0,-68251000000.0,178238000000.0,,14346000000.0,81207000000.0,68465000000.0,5683000000.0,0.0,184257000000.0,21807000000.0,,2500000000.0,1768000000.0,23000000.0,709000000.0,48688000000.0,48688000000.0,111256000000.0,76552000000.0,34704000000.0,MSFT,,,,,8537000000.0,,,26226000000.0,8478000000.0,,11009000000.0,4152000000.0,9879000000.0,6000000.0,-650000000.0,49338000000.0,,,,,,,
2023-03-31,,7437000000.0,7437000000.0,21648000000.0,60522000000.0,116864000000.0,242893000000.0,78198000000.0,116864000000.0,12312000000.0,194683000000.0,236648000000.0,194683000000.0,194683000000.0,-5644000000.0,-5644000000.0,108234000000.0,,92093000000.0,92093000000.0,,185405000000.0,99714000000.0,17437000000.0,25000000000.0,3000000000.0,2698000000.0,302000000.0,54277000000.0,12312000000.0,41965000000.0,85691000000.0,12664000000.0,36903000000.0,36903000000.0,6245000000.0,,6245000000.0,,,19468000000.0,,19468000000.0,4163000000.0,15305000000.0,380088000000.0,216199000000.0,26954000000.0,,,,9415000000.0,,77819000000.0,9879000000.0,67940000000.0,102011000000.0,-65998000000.0,168009000000.0,,168009000000.0,,,,,163889000000.0,19165000000.0,,2877000000.0,1787000000.0,35000000.0,1055000000.0,37420000000.0,37420000000.0,104419000000.0,77857000000.0,26562000000.0,MSFT,,,,,,,,18053000000.0,8509000000.0,,10411000000.0,4163000000.0,9415000000.0,8000000.0,-495000000.0,37915000000.0,,,,,,,
2022-12-31,,,,32470000000.0,,,,,,,,,,,,,,,,,,,,,,,,,,,,,,,,,,,,,,,,,,,,,,,,,,,,,,,,,,,,,,,,,,,,,,,,,,MSFT,,,,,,,,,,,,,,,,,,,,,,,
2024-03-31,515000000.0,10403000000.0,10918000000.0,,134686000000.0,193891000000.0,274295000000.0,11024000000.0,193891000000.0,77052000000.0,216661000000.0,274295000000.0,216661000000.0,216661000000.0,-3598000000.0,-3598000000.0,124049000000.0,103938000000.0,109000000.0,109000000.0,0.0,314308000000.0,161343000000.0,26657000000.0,,,,,134686000000.0,77052000000.0,57634000000.0,152965000000.0,,15927000000.0,15927000000.0,,,,,,137038000000.0,63970000000.0,73068000000.0,,73068000000.0,530969000000.0,366980000000.0,60947000000.0,,,,,,22770000000.0,,22770000000.0,283263000000.0,,283263000000.0,,283263000000.0,,,,,163989000000.0,5568000000.0,,31147000000.0,,,,42200000000.0,39100000000.0,85074000000.0,12222000000.0,72852000000.0,AMZN,,,,,,,,,,,,,,,,,7837000000.0,3100000000.0,,,,,
2023-12-31,515000000.0,10383000000.0,10898000000.0,,135611000000.0,171399000000.0,260189000000.0,7434000000.0,171399000000.0,77297000000.0,201875000000.0,260189000000.0,201875000000.0,201875000000.0,-3040000000.0,-3040000000.0,113618000000.0,99025000000.0,109000000.0,109000000.0,0.0,325979000000.0,161062000000.0,25451000000.0,,,,,135611000000.0,77297000000.0,58314000000.0,164917000000.0,,15227000000.0,15227000000.0,,,,,,149690000000.0,64709000000.0,84981000000.0,,84981000000.0,527854000000.0,355503000000.0,48337000000.0,,,,,,30476000000.0,7687000000.0,22789000000.0,276690000000.0,-120111000000.0,396801000000.0,28840000000.0,262668000000.0,,,105293000000.0,105293000000.0,172351000000.0,,,33318000000.0,,,,52253000000.0,52253000000.0,86780000000.0,13393000000.0,73387000000.0,AMZN,,,,,,,,,,,,,,,-1700000000.0,53953000000.0,7837000000.0,,,,,,
2023-09-30,515000000.0,10330000000.0,10845000000.0,11493000000.0,136989000000.0,160224000000.0,244071000000.0,-2219000000.0,160224000000.0,75891000000.0,182973000000.0,244071000000.0,182973000000.0,182973000000.0,-5003000000.0,-5003000000.0,102994000000.0,92711000000.0,108000000.0,108000000.0,0.0,303910000000.0,158696000000.0,21707000000.0,,,,,136989000000.0,75891000000.0,61098000000.0,145214000000.0,,14398000000.0,14398000000.0,,,,,,130816000000.0,58812000000.0,72004000000.0,,72004000000.0,486883000000.0,343888000000.0,53913000000.0,,,,,,22749000000.0,,22749000000.0,267226000000.0,,267226000000.0,,267226000000.0,,,,,142995000000.0,5320000000.0,,35406000000.0,35406000000.0,,,38100000000.0,35600000000.0,64169000000.0,14564000000.0,49605000000.0,AMZN,,,,,,,,,,,,,,,,,7837000000.0,2500000000.0,,,,,
2023-06-30,515000000.0,10313000000.0,10828000000.0,13563000000.0,138914000000.0,145817000000.0,231694000000.0,-7756000000.0,145817000000.0,75822000000.0,168602000000.0,231694000000.0,168602000000.0,168602000000.0,-3680000000.0,-3680000000.0,93115000000.0,86896000000.0,108000000.0,108000000.0,0.0,309005000000.0,160767000000.0,21853000000.0,,,,,138914000000.0,75822000000.0,63092000000.0,148238000000.0,,14522000000.0,14522000000.0,,,,,,133716000000.0,64235000000.0,69481000000.0,,69481000000.0,477607000000.0,337125000000.0,50224000000.0,,,,,,22785000000.0,,22785000000.0,264116000000.0,,264116000000.0,,264116000000.0,,,,,140482000000.0,,,36587000000.0,36587000000.0,,,39925000000.0,39925000000.0,63970000000.0,14441000000.0,49529000000.0,AMZN,,,,,,,,,,,,,,,-1500000000.0,41425000000.0,7837000000.0,,,,,,
2023-03-31,515000000.0,10258000000.0,10773000000.0,17741000000.0,141351000000.0,131777000000.0,221610000000.0,-11349000000.0,131777000000.0,74267000000.0,154526000000.0,221610000000.0,154526000000.0,154526000000.0,-3973000000.0,-3973000000.0,86365000000.0,79863000000.0,108000000.0,108000000.0,0.0,309852000000.0,162282000000.0,20931000000.0,,,,,141351000000.0,74267000000.0,67084000000.0,147570000000.0,,14281000000.0,14281000000.0,,,,,,133289000000.0,66382000000.0,66907000000.0,,66907000000.0,464378000000.0,328157000000.0,46392000000.0,,,,,,22749000000.0,,22749000000.0,259016000000.0,,259016000000.0,,259016000000.0,,,,,136221000000.0,,,34170000000.0,34170000000.0,,,37646000000.0,37646000000.0,64405000000.0,15062000000.0,49343000000.0,AMZN,,,,,,,,,,,,,,,-1400000000.0,39046000000.0,7837000000.0,,,,,,
2022-12-31,,,,13262000000.0,,,,,,,,,,,,,,,,,,,,,,,,,,,,,,,,,,,,,,,,,,,,,,,,,,,6097000000.0,,,-97015000000.0,,30020000000.0,,,,91650000000.0,91650000000.0,,,,,,,,,,,,,AMZN,,,,,,,,,,,,,,,-1400000000.0,43760000000.0,,,,,,,
2022-09-30,,,,23972000000.0,,,,,,,,,,,,,,,,,,,,,,,,,,,,,,,,,,,,,,,,,,,,,,,,,,,,,,,,,,,,,,,,,,,,,,,,,,AMZN,,,,,,,,,,,,,,,,,,,,,,,
2024-03-31,,15337686000.0,15337686000.0,71895000000.0,104590000000.0,74194000000.0,178784000000.0,4594000000.0,74194000000.0,,74194000000.0,166025000000.0,74194000000.0,74194000000.0,-8960000000.0,-8960000000.0,4339000000.0,,78815000000.0,78815000000.0,,263217000000.0,139395000000.0,47564000000.0,,,,,91831000000.0,,91831000000.0,123822000000.0,57298000000.0,8012000000.0,8012000000.0,12759000000.0,,12759000000.0,10762000000.0,,45753000000.0,,45753000000.0,,45753000000.0,337411000000.0,208995000000.0,70262000000.0,,,,95187000000.0,,,,,43546000000.0,-71697000000.0,115243000000.0,,,,,,,128416000000.0,13884000000.0,,6232000000.0,,,,41150000000.0,21837000000.0,67150000000.0,34455000000.0,32695000000.0,AAPL,,,,,,,,4468000000.0,28227000000.0,1997000000.0,,,,,,,,19313000000.0,95187000000.0,95187000000.0,,,
2023-12-31,0.0,15460223000.0,15460223000.0,67280000000.0,108040000000.0,74100000000.0,182140000000.0,9719000000.0,74100000000.0,,74100000000.0,169188000000.0,74100000000.0,74100000000.0,-9378000000.0,-9378000000.0,8242000000.0,,75236000000.0,75236000000.0,,279414000000.0,145441000000.0,50353000000.0,,,,,95088000000.0,,95088000000.0,133973000000.0,54611000000.0,8264000000.0,8264000000.0,12952000000.0,,12952000000.0,10954000000.0,,58146000000.0,,58146000000.0,,58146000000.0,353514000000.0,209822000000.0,66681000000.0,,,,99475000000.0,,,,,43666000000.0,-72510000000.0,116176000000.0,,,,,,,143692000000.0,13979000000.0,,6511000000.0,,,,50102000000.0,23194000000.0,73100000000.0,32340000000.0,40760000000.0,AAPL,,,,,,,,11218000000.0,29542000000.0,1998000000.0,,,,,,,,26908000000.0,99475000000.0,99475000000.0,,,
2023-09-30,0.0,15550061000.0,15550061000.0,81123000000.0,111088000000.0,62146000000.0,173234000000.0,-1742000000.0,62146000000.0,,62146000000.0,157427000000.0,62146000000.0,62146000000.0,-11452000000.0,-11452000000.0,-214000000.0,,73812000000.0,73812000000.0,,290437000000.0,145129000000.0,34391000000.0,15457000000.0,,,,95281000000.0,,95281000000.0,145308000000.0,58829000000.0,8061000000.0,8061000000.0,15807000000.0,,15807000000.0,9822000000.0,,62611000000.0,,62611000000.0,,62611000000.0,352583000000.0,209017000000.0,46906000000.0,,17852000000.0,17852000000.0,100544000000.0,,,,,43715000000.0,-70884000000.0,114599000000.0,,,78314000000.0,,23446000000.0,0.0,143566000000.0,14695000000.0,,6331000000.0,,,,60985000000.0,29508000000.0,61555000000.0,31590000000.0,29965000000.0,AAPL,,,,,12839000000.0,,,1606000000.0,28359000000.0,5985000000.0,,,,,,,,31477000000.0,100544000000.0,100544000000.0,,,
2023-06-30,,15647868000.0,15647868000.0,80872000000.0,109280000000.0,60274000000.0,169554000000.0,-2304000000.0,60274000000.0,,60274000000.0,158345000000.0,60274000000.0,60274000000.0,-11801000000.0,-11801000000.0,1408000000.0,,70667000000.0,70667000000.0,,274764000000.0,149801000000.0,51730000000.0,,,,,98071000000.0,,98071000000.0,124963000000.0,58897000000.0,8158000000.0,8158000000.0,11209000000.0,,11209000000.0,7216000000.0,,46699000000.0,,46699000000.0,,46699000000.0,335038000000.0,212379000000.0,64768000000.0,,,,104061000000.0,,,,,43550000000.0,-70787000000.0,114337000000.0,,,,,,,122659000000.0,13640000000.0,,7351000000.0,3563000000.0,,3788000000.0,39186000000.0,19549000000.0,62482000000.0,34074000000.0,28408000000.0,AAPL,,,,,,,,3071000000.0,25337000000.0,3993000000.0,,,,,,,,19637000000.0,104061000000.0,104061000000.0,,,
2023-03-31,,15723406000.0,15723406000.0,84928000000.0,109615000000.0,62158000000.0,171773000000.0,-7162000000.0,62158000000.0,,62158000000.0,159199000000.0,62158000000.0,62158000000.0,-11746000000.0,-11746000000.0,4336000000.0,,69568000000.0,69568000000.0,,270002000000.0,149927000000.0,52886000000.0,,,,,97041000000.0,,97041000000.0,120075000000.0,56425000000.0,8131000000.0,8131000000.0,12574000000.0,,12574000000.0,10578000000.0,,42945000000.0,,42945000000.0,,42945000000.0,332160000000.0,219247000000.0,65388000000.0,,,,110461000000.0,,,,,43398000000.0,-69668000000.0,113066000000.0,,,,,,,112913000000.0,13660000000.0,,7482000000.0,4103000000.0,,3379000000.0,35899000000.0,17936000000.0,55872000000.0,31185000000.0,24687000000.0,AAPL,,,,,,,,4637000000.0,20050000000.0,1996000000.0,,,,,,,,17963000000.0,110461000000.0,110461000000.0,,,
2022-12-31,,,,,,,,,,,,,,,,,,,,,,,,,,,,,,,,,,,,,,,,,,,,,,,,,,,,,114095000000.0,,,,,,,,,,,,,,,,,4307000000.0,,2513000000.0,,,,,,AAPL,,,,,,,,,,,,,,,,,,,,,,,
2022-09-30,,,,,,,,,,,,,,,,,,,,,,,,,16657000000.0,,,,,,,,,,,,,,,,,,,,,,,,,15375000000.0,15375000000.0,,120805000000.0,,,,,,,,,81060000000.0,,22126000000.0,0.0,,,,,,,,,,,,,AAPL,,,,,11271000000.0,,,,,,,,,,,,,,,,,,
2024-03-31,,2537000000.0,2537000000.0,,37633000000.0,128875000000.0,167916000000.0,47229000000.0,128875000000.0,19246000000.0,149529000000.0,167916000000.0,149529000000.0,149529000000.0,-2655000000.0,-2655000000.0,76793000000.0,75391000000.0,0.0,0.0,,73315000000.0,45214000000.0,1462000000.0,7795000000.0,,,,35957000000.0,17570000000.0,18387000000.0,28101000000.0,4909000000.0,,,1676000000.0,1676000000.0,,,,18183000000.0,9535000000.0,8648000000.0,4863000000.0,3785000000.0,222844000000.0,147514000000.0,8179000000.0,,,,6218000000.0,,20654000000.0,,20654000000.0,112463000000.0,-35910000000.0,148373000000.0,22975000000.0,76922000000.0,,39322000000.0,2075000000.0,0.0,75330000000.0,3780000000.0,,,,,,13430000000.0,13430000000.0,58120000000.0,25813000000.0,32307000000.0,META,,,,,7079000000.0,,,25812000000.0,6495000000.0,,3333000000.0,,,,,,,,6218000000.0,6218000000.0,,,
2023-12-31,0.0,2561000000.0,2561000000.0,,37234000000.0,131726000000.0,171553000000.0,53405000000.0,131726000000.0,18849000000.0,153168000000.0,171553000000.0,153168000000.0,153168000000.0,-2155000000.0,-2155000000.0,82070000000.0,73253000000.0,0.0,0.0,,76455000000.0,44495000000.0,1370000000.0,7514000000.0,,,,35611000000.0,17226000000.0,18385000000.0,31960000000.0,5506000000.0,,,1623000000.0,1623000000.0,,,,18172000000.0,8805000000.0,9367000000.0,3655000000.0,4849000000.0,229623000000.0,144258000000.0,6794000000.0,,,,6141000000.0,,21442000000.0,788000000.0,20654000000.0,109881000000.0,-33134000000.0,143015000000.0,24269000000.0,71733000000.0,,37961000000.0,2080000000.0,0.0,85365000000.0,3793000000.0,,,,,,16169000000.0,16169000000.0,65403000000.0,23541000000.0,41862000000.0,META,,,,,6972000000.0,,,35597000000.0,6265000000.0,,6659000000.0,,,,,,,,6141000000.0,6141000000.0,,863000000.0,
2023-09-30,,2571000000.0,2571000000.0,,36217000000.0,121392000000.0,161256000000.0,47847000000.0,121392000000.0,17834000000.0,142873000000.0,161256000000.0,142873000000.0,142873000000.0,-3556000000.0,-3556000000.0,75205000000.0,71224000000.0,0.0,0.0,,73401000000.0,42870000000.0,1281000000.0,6832000000.0,,,,34757000000.0,16374000000.0,18383000000.0,30531000000.0,4931000000.0,,,1460000000.0,1460000000.0,,,,19172000000.0,9422000000.0,9750000000.0,4608000000.0,4372000000.0,216274000000.0,137896000000.0,5468000000.0,,,,6142000000.0,,21481000000.0,813000000.0,20668000000.0,104805000000.0,-30848000000.0,135653000000.0,22945000000.0,68545000000.0,,35422000000.0,1900000000.0,0.0,78378000000.0,4311000000.0,,,,,,12944000000.0,12944000000.0,61123000000.0,24233000000.0,36890000000.0,META,,,,,6841000000.0,,,31557000000.0,5333000000.0,,4968000000.0,,,,,,,,6142000000.0,6142000000.0,,770000000.0,
2023-06-30,,2573000000.0,2573000000.0,,36218000000.0,112518000000.0,152415000000.0,39639000000.0,112518000000.0,17836000000.0,134033000000.0,152415000000.0,134033000000.0,134033000000.0,-3106000000.0,-3106000000.0,67980000000.0,69159000000.0,0.0,0.0,,72655000000.0,42734000000.0,1342000000.0,6570000000.0,,,,34822000000.0,16440000000.0,18382000000.0,29921000000.0,4723000000.0,,,1396000000.0,1396000000.0,,,,19464000000.0,9762000000.0,9702000000.0,5837000000.0,3093000000.0,206688000000.0,137128000000.0,8501000000.0,,,,6208000000.0,,21515000000.0,856000000.0,20659000000.0,100904000000.0,-28953000000.0,129857000000.0,24843000000.0,64032000000.0,,32446000000.0,1875000000.0,0.0,69560000000.0,3603000000.0,,,,,,12511000000.0,12511000000.0,53446000000.0,24661000000.0,28785000000.0,META,,,,,6661000000.0,,,22663000000.0,6122000000.0,,4338000000.0,,,,,,,,6208000000.0,6208000000.0,,772000000.0,
2023-03-31,,2566000000.0,2566000000.0,,27575000000.0,103197000000.0,134720000000.0,27102000000.0,103197000000.0,17650000000.0,124795000000.0,134720000000.0,124795000000.0,124795000000.0,-2981000000.0,-2981000000.0,61241000000.0,66535000000.0,0.0,0.0,,59696000000.0,34315000000.0,1273000000.0,6946000000.0,,,,26096000000.0,16171000000.0,9925000000.0,25381000000.0,4329000000.0,,,1479000000.0,1479000000.0,,,,16181000000.0,8035000000.0,8146000000.0,3589000000.0,3672000000.0,184491000000.0,132008000000.0,7188000000.0,,,,6167000000.0,,21598000000.0,949000000.0,20649000000.0,97055000000.0,-26979000000.0,124034000000.0,25039000000.0,59585000000.0,,30882000000.0,1874000000.0,0.0,52483000000.0,4000000000.0,,,,,,11044000000.0,11044000000.0,37439000000.0,25888000000.0,11551000000.0,META,,,,,6654000000.0,,,5871000000.0,5680000000.0,,3392000000.0,,,,,,,,6167000000.0,6167000000.0,,885000000.0,
2022-12-31,,,,,,,,,,,,,,,,,,,,,,,,,,,,,,,,,,,,,,,,,,,,,,,,,,,,,,,897000000.0,,,,,,,,,,,,,,,,,,,,,,,META,,,,,,,,,,,,,,,,,,,,,,1117000000.0,
2022-09-30,,,,,,,,,,,,,,,,,,,,,,,,,,,,,,,,,,514000000.0,514000000.0,,,,,,,,,,,,,,,,,,,,,,,,,,,31438000000.0,,,,,,5312000000.0,,,,,,,,,,META,,,,,,,,,,,,,6528000000.0,,,,,,,,975000000.0,,
2024-03-31,,12381000000.0,12381000000.0,,28059000000.0,263661000000.0,304717000000.0,88474000000.0,263661000000.0,16186000000.0,292844000000.0,304717000000.0,292844000000.0,292844000000.0,-4839000000.0,-4839000000.0,219770000000.0,,77913000000.0,77913000000.0,0.0,114506000000.0,37509000000.0,1683000000.0,9234000000.0,1407000000.0,921000000.0,486000000.0,25185000000.0,13312000000.0,11873000000.0,76997000000.0,9475000000.0,3973000000.0,3973000000.0,2874000000.0,2874000000.0,,,,50972000000.0,39848000000.0,11124000000.0,4926000000.0,6198000000.0,407350000000.0,241879000000.0,10065000000.0,,11687000000.0,11687000000.0,33994000000.0,,29183000000.0,,29183000000.0,156950000000.0,-70004000000.0,226954000000.0,37679000000.0,99744000000.0,534000000.0,,77421000000.0,0.0,165471000000.0,12829000000.0,,,,,,44552000000.0,44552000000.0,108090000000.0,83597000000.0,24493000000.0,GOOG,,,,,11576000000.0,,,12664000000.0,11829000000.0,,9703000000.0,4926000000.0,,,-745000000.0,45297000000.0,,,33994000000.0,33994000000.0,,,
2023-12-31,0.0,12460000000.0,12460000000.0,,28504000000.0,254181000000.0,295249000000.0,89716000000.0,254181000000.0,16634000000.0,283379000000.0,295249000000.0,283379000000.0,283379000000.0,-4402000000.0,-4402000000.0,211247000000.0,,76534000000.0,76534000000.0,0.0,119013000000.0,37199000000.0,1616000000.0,8474000000.0,1396000000.0,911000000.0,485000000.0,25713000000.0,13843000000.0,11870000000.0,81814000000.0,9525000000.0,4137000000.0,4137000000.0,2791000000.0,2791000000.0,,,,50221000000.0,39980000000.0,10241000000.0,2748000000.0,7493000000.0,402392000000.0,230862000000.0,10051000000.0,,12169000000.0,12169000000.0,31008000000.0,,29198000000.0,,29198000000.0,148436000000.0,-67458000000.0,215894000000.0,35229000000.0,94685000000.0,472000000.0,,74083000000.0,0.0,171530000000.0,12650000000.0,,,,,,47964000000.0,47964000000.0,110916000000.0,86868000000.0,24048000000.0,GOOG,,,,,11425000000.0,,,,,,15140000000.0,2748000000.0,,,-771000000.0,48735000000.0,,,31008000000.0,31008000000.0,,,
2023-09-30,,12541000000.0,12541000000.0,,29046000000.0,242223000000.0,285069000000.0,90015000000.0,242223000000.0,17179000000.0,273202000000.0,285069000000.0,273202000000.0,273202000000.0,-7036000000.0,-7036000000.0,205647000000.0,,74591000000.0,74591000000.0,0.0,123509000000.0,37214000000.0,1433000000.0,8038000000.0,1412000000.0,884000000.0,528000000.0,26331000000.0,14464000000.0,11867000000.0,86295000000.0,9143000000.0,4303000000.0,4303000000.0,2715000000.0,2715000000.0,,,,57572000000.0,38241000000.0,19331000000.0,13528000000.0,5803000000.0,396711000000.0,220401000000.0,7628000000.0,,10983000000.0,10983000000.0,30907000000.0,,30979000000.0,1833000000.0,29146000000.0,139904000000.0,-64750000000.0,204654000000.0,32305000000.0,89127000000.0,424000000.0,,71357000000.0,0.0,176310000000.0,12398000000.0,,2957000000.0,,,,41020000000.0,41020000000.0,119935000000.0,89233000000.0,30702000000.0,GOOG,,,,,11441000000.0,,,21408000000.0,9294000000.0,,12562000000.0,13528000000.0,,,-832000000.0,41852000000.0,,,30907000000.0,30907000000.0,,,
2023-06-30,,12629000000.0,12629000000.0,,29114000000.0,235965000000.0,279005000000.0,91079000000.0,235965000000.0,17250000000.0,267141000000.0,279005000000.0,267141000000.0,267141000000.0,-5991000000.0,-5991000000.0,200884000000.0,,72248000000.0,72248000000.0,0.0,115903000000.0,38194000000.0,1765000000.0,8753000000.0,1225000000.0,667000000.0,558000000.0,26451000000.0,14587000000.0,11864000000.0,77709000000.0,9446000000.0,3846000000.0,3846000000.0,2663000000.0,2663000000.0,,,,50494000000.0,34311000000.0,16183000000.0,10870000000.0,5313000000.0,383044000000.0,214256000000.0,6822000000.0,,9357000000.0,9357000000.0,31224000000.0,,31176000000.0,1966000000.0,29210000000.0,135677000000.0,-62917000000.0,198594000000.0,32019000000.0,86061000000.0,338000000.0,,68890000000.0,0.0,168788000000.0,9421000000.0,,2231000000.0,,,,38804000000.0,38804000000.0,118332000000.0,92403000000.0,25929000000.0,GOOG,,,,,11286000000.0,,,17368000000.0,8561000000.0,,11260000000.0,10870000000.0,,,-836000000.0,39640000000.0,,,31224000000.0,31224000000.0,,,
2023-03-31,,12722000000.0,12722000000.0,,29121000000.0,229932000000.0,272755000000.0,93131000000.0,229932000000.0,17260000000.0,260894000000.0,272755000000.0,260894000000.0,260894000000.0,-6000000000.0,-6000000000.0,196625000000.0,,70269000000.0,70269000000.0,0.0,108597000000.0,39743000000.0,2373000000.0,9722000000.0,1152000000.0,610000000.0,542000000.0,26496000000.0,14635000000.0,11861000000.0,68854000000.0,9354000000.0,3715000000.0,3715000000.0,2625000000.0,2625000000.0,,,,43206000000.0,33805000000.0,9401000000.0,5217000000.0,4184000000.0,369491000000.0,207506000000.0,6439000000.0,,6885000000.0,6885000000.0,31213000000.0,,30962000000.0,1968000000.0,28994000000.0,132007000000.0,-60875000000.0,192882000000.0,30573000000.0,83024000000.0,326000000.0,,67948000000.0,0.0,161985000000.0,8532000000.0,,2315000000.0,,,,36036000000.0,36036000000.0,115102000000.0,89178000000.0,25924000000.0,GOOG,,,,,11011000000.0,,,16233000000.0,9691000000.0,,9954000000.0,5217000000.0,,,-743000000.0,36779000000.0,,,31213000000.0,31213000000.0,,,
2022-12-31,,,,,,,,,,,,,,,,,,,,,,,,,,,,,,,,,,,,,,,,,,,,,,,,,,,,,,,2084000000.0,,,,,,,,,,,,,,2670000000.0,,,,,,,,,GOOG,,,,,,,,,,,,,,,,,,,,,,,
2022-09-30,,,,,,,,,,,,,,,,,,,,,,,,,,,,,,,,,,,,,,,,,,,,,,,,,,,,,,,2192000000.0,,,,,,,,,,,,,,3156000000.0,,,,,,,,,GOOG,,,,,,,,,,,,,,,,,,,,,,,1479000000.0
